code,url,product_name,brands_tags,stores,owner,labels_tags,nutriscore_score,nutriscore_grade,quantity,fat_100g,saturated_fat_100g,sugars_100g,proteins_100g,carbohydrates_100g,energy_100g,salt_100g,sodium_100g,computed_energy_100g,organic,level_salt,level_saturated_fat,level_sugars,level_fat,vegan,vegetarian,palm_oil
99482442897,http://world-en.openfoodfacts.org/product/0099482442897/365-everyday-value-chicken-bbq-sauce,"365 everyday value, chicken & bbq sauce","365-everyday-value,whole-foods-market-inc",,,,2,b,,4.52,1.69,7.91,11.3,31.64,900,0.905,0.362,897.22,,m,m,m,m,f,f,f
99482442873,http://world-en.openfoodfacts.org/product/0099482442873/365-everyday-value-organic-cheese-pizza,"365 everyday value, organic cheese pizza","365-everyday-value,whole-foods-market-inc",,,en:organic,2,b,,6.25,2.84,2.27,11.93,25.0,858,0.91,0.364,859.06,t,m,m,l,m,f,,f
99482442880,http://world-en.openfoodfacts.org/product/0099482442880/365-everyday-value-pizza-spinach-feta,"365 everyday value, pizza, spinach & feta","365-everyday-value,whole-foods-market-inc",,,,1,b,,4.71,2.06,1.18,9.41,25.29,787,0.81,0.324,764.17,,m,m,l,m,f,,f
723055863979,http://world-en.openfoodfacts.org/product/0723055863979/3-meat-supreme-pizza-with-pepperoni-chicken-whole-foods-market,"3 Meat Supreme Pizza With Pepperoni, Chicken","whole-foods-market,harry-s-farmers-market-ltd",,,,2,b,,4.71,2.35,1.18,7.06,11.47,481,0.71628,0.286512,489.28,,m,m,l,m,f,f,f
90090656553,http://world-en.openfoodfacts.org/product/0090090656553/albert-s-pizza-roasted-vegan-dextro-corporation,"Albert's Pizza, Roasted Vegan",dextro-corporation,,,"en:vegetarian,en:vegan",-1,a,,3.85,0.0,1.92,4.49,25.64,644,0.4325,0.173,654.66,f,m,l,l,m,t,t,
36800378483,http://world-en.openfoodfacts.org/product/0036800378483/all-natural-multigrain-ultra-thin-crust-roasted-vegetable-pizza-with-mozzarella-with-cheddar-parmesan-and-romano-cheese-red-yellow-pepper-red-onion-and-broccoli-roasted-vegetable-full-circle,"All natural, multigrain ultra thin crust roasted vegetable pizza with mozzarella, with cheddar, parmesan and romano cheese, red & yellow pepper, red onion and broccoli, roasted vegetable",full-circle,,,,1,b,,6.57,3.65,2.92,8.76,18.98,674,0.82,0.328,714.67,,m,m,l,m,f,,
20662005434,http://world-en.openfoodfacts.org/product/0020662005434/all-natural-pizza-thin-crispy-multi-grain-with-flaxseed-newman-s-own,"All Natural Pizza, Thin & Crispy Multi-Grain With Flaxseed","newman-s-own,newman-s-own-inc",,,,2,b,,7.81,3.52,1.56,8.59,25.78,883,1.1125,0.445,873.26,,m,m,l,m,f,,
731789130274,http://world-en.openfoodfacts.org/product/0731789130274/american-flatbread-bruschetta-inspired-with-homemade,American flatbread bruschetta inspired with homemade,,,,,1,b,,5.7142857142857,0.71428571428571,1.4285714285714,4.2857142857143,25.714285714286,717,0.80357142857143,0.321428571428572,721.428571428576,,m,l,l,m,,,f
42272001057,http://world-en.openfoodfacts.org/product/0042272001057/amy-s-soy-cheeze-pizza,"Amy's, soy cheeze pizza","amy-s,amy-s-kitchen-inc",,,,1,b,,8.94,0.81,2.44,9.76,30.08,987,1.2,0.48,1008.06,,m,l,l,m,f,,
42272013289,http://world-en.openfoodfacts.org/product/0042272013289/amy-s-spinach-pizza-with-veggie-crust-amy-s-kitchen,Amy's Spinach Pizza with Veggie Crust,amy-s-kitchen,,,"en:organic,en:vegetarian,en:no-gluten",2,b,339 grams,8.85,3.54,4.42,7.08,26.5,888,1.04,0.416,898.31,t,m,m,l,m,f,t,
75450199659,http://world-en.openfoodfacts.org/product/0075450199659/ancient-grain-pizza-with-cheese-and-mushrooms,Ancient grain pizza with cheese and mushrooms,,,,,-2,a,,12.39,3.1,1.77,9.73,20.35,1000,0.885,0.354,969.79,,m,m,l,m,f,f,t
868898000317,http://world-en.openfoodfacts.org/product/0868898000317/artisan-crust-classic-margherita,Artisan crust classic margherita,,,,,1,b,,5.03,2.01,1.68,7.38,28.86,828,0.8475,0.339,802.19,,m,m,l,m,f,,f
71921626105,http://world-en.openfoodfacts.org/product/0071921626105/artisan-style-melts-chicken-bruschetta,"Artisan style melts, chicken bruschetta",,,,,1,b,,10.17,2.12,2.54,9.32,34.75,1100,0.8475,0.339,1125.48,,m,m,l,m,f,f,
643130400144,http://world-en.openfoodfacts.org/product/0643130400144/authentic-chicago-deep-dish-pizza,Authentic chicago deep dish pizza,,,,,1,b,,8.09,2.94,0.74,10.29,21.32,833,0.57,0.228,836.7,,m,m,l,m,f,,
811606012300,http://world-en.openfoodfacts.org/product/0811606012300/authentic-handmade-woodfired-pizza,Authentic handmade woodfired pizza,,,,,-2,a,,10.62,3.54,2.65,8.85,20.35,887,0.73,0.292,889.34,,m,m,l,m,f,f,
11150195065,http://world-en.openfoodfacts.org/product/0011150195065/authentic-italian-thin-crust-pizza,Authentic italian thin crust pizza,,,,,2,b,,9.95,3.32,1.9,8.06,25.59,971,1.2925,0.517,940.2,,m,m,l,m,f,,f
643130311006,http://world-en.openfoodfacts.org/product/0643130311006/authentic-spinach-chicago-deep-dish-pizza-authentic-spinach-gino-s-east-of-chicago,"Authentic spinach chicago deep dish pizza, authentic spinach",gino-s-east-of-chicago,,,,1,b,,9.93,3.97,1.32,9.93,18.54,858,0.48,0.192,851.4,,m,m,l,m,f,,
688267029233,http://world-en.openfoodfacts.org/product/0688267029233/bagel-snackers,Bagel snackers,,,,,1,b,,5.11,2.84,4.55,11.36,30.68,858,0.965,0.386,903.75,,m,m,l,m,f,,f
688267028960,http://world-en.openfoodfacts.org/product/0688267028960/bagel-snackers-pepperoni,"Bagel snackers, pepperoni",,,,,1,b,,6.82,2.84,3.41,11.36,30.68,904,1.1925,0.477,967.02,,m,m,l,m,f,f,f
77890174104,http://world-en.openfoodfacts.org/product/0077890174104/bake-rise-pizza,Bake & rise pizza,,,,,2,b,,5.37,2.01,3.36,7.38,28.86,816,1.2075,0.483,814.77,,m,m,l,m,f,,f
28989100139,http://world-en.openfoodfacts.org/product/0028989100139/black-beans-tomatoes-fire-roasted-corn-and-cheese-with-a-spicy-baja-chile-sauce-on-a-traditional-crust-made-with-whole-grain-one-single-serve-veggie-pizza-baja-black-bean,"Black beans, tomatoes, fire-roasted corn and cheese with a spicy baja chile sauce on a traditional crust made with whole grain one single serve veggie pizza, baja black bean",,,,,0,b,,8.12,2.5,1.88,10.0,34.38,996,1.155,0.462,1054.9,,m,m,l,m,,,
853407003040,http://world-en.openfoodfacts.org/product/0853407003040/bold-organics-deluxe-pizza,"Bold organics, deluxe pizza",bold-organics,,,en:organic,2,b,,9.85,1.89,1.52,3.79,22.73,791,0.9475,0.379,815.29,t,m,m,l,m,f,f,
853407003125,http://world-en.openfoodfacts.org/product/0853407003125/bold-organics-turn-on-the-flavor-spinach-feta-pizza,"Bold organics, turn on the flavor, spinach feta pizza",bold-organics,,,en:organic,1,b,,4.55,2.27,2.73,9.09,29.09,799,0.8875,0.355,817.41,t,m,m,l,m,f,,f
853407003026,http://world-en.openfoodfacts.org/product/0853407003026/bold-organics-turn-on-the-flavor-veggie-lovers-crust-pzza,"Bold organics, turn on the flavor, veggie lovers crust pzza",bold-organics,,,en:organic,1,b,,7.32,0.81,1.63,2.44,24.39,715,0.7325,0.293,726.95,t,m,l,l,m,,,f
70085046521,http://world-en.openfoodfacts.org/product/0070085046521/breakfast-mini-bagels,Breakfast mini bagels,,,,,2,b,,5.11,1.7,2.27,10.23,31.82,904,1.165,0.466,903.92,,m,m,l,m,f,f,
77387203133,http://world-en.openfoodfacts.org/product/0077387203133/breakfast-piccoletto-4-egg-cheese-mama-rosa-s,Breakfast Piccoletto 4 Egg & Cheese,mama-rosa-s,,,,1,b,,5.56,2.22,5.56,8.89,35.56,929,0.64,0.256,961.37,,m,m,m,m,f,,
11110876584,http://world-en.openfoodfacts.org/product/0011110876584/bruschetta-focaccia-pizza-the-kroger-co,Bruschetta Focaccia Pizza,the-kroger-co,,,,2,b,,12.57,2.99,4.19,7.19,32.93,1201,1.2275,0.491,1147.13,,m,m,l,m,f,,t
859724002261,http://world-en.openfoodfacts.org/product/0859724002261/bruschetta-style-pizza,Bruschetta style pizza,,,,,-2,a,,6.67,2.22,2.96,8.15,19.26,711,0.63,0.252,712.76,,m,m,l,m,f,,
85239099650,http://world-en.openfoodfacts.org/product/0085239099650/califlower-crust-target,Califlower crust,target,,,,2,b,,4.0,1.7143,2.8571,4.0,26.8571,669,0.75714275,0.3028571,672.5707,,m,m,l,m,,,
71921962685,http://world-en.openfoodfacts.org/product/0071921962685/california-pizza-kitchen-california-style-white-crust-pizza,"California pizza kitchen, california style white crust pizza",,,,,1,b,,4.03,2.01,2.68,8.72,33.56,870,0.9225,0.369,867.87,,m,m,l,m,f,,f
13800047182,http://world-en.openfoodfacts.org/product/0013800047182/casual-cuisine-traditional-deluxe-frozen-pizza,Casual cuisine traditional deluxe frozen pizza,,,,,0,b,,5.29,1.76,3.53,10.59,35.29,960,0.9861,0.39444,975.69,,m,m,l,m,f,f,
13800047199,http://world-en.openfoodfacts.org/product/0013800047199/casual-cuisine-traditional-four-cheese-frozen-pizza-lean-cuisine,Casual cuisine traditional four cheese frozen pizza,lean-cuisine,,,,-1,a,6 oz,4.7058823529412,1.7647058823529,4.1176470588235,11.764705882353,31.764705882353,911,0.8970588235294,0.35882352941176,914.1176470588264,,m,m,l,m,f,,
73490180163,http://world-en.openfoodfacts.org/product/0073490180163/cauliflower-crust-pizza,Cauliflower crust pizza,,,,,-1,a,,3.53,1.18,1.76,3.53,15.88,444,0.795,0.318,460.58,,m,l,l,m,f,,
850015982583,http://world-en.openfoodfacts.org/product/0850015982583/cauliflower-pizza-bowl-with-plant-based-pepperoni,Cauliflower Pizza Bowl with Plant Based Pepperoni,,,,"en:no-gluten,en:vegetarian,en:vegan",1,b,,4.2253521126761,2.4647887323944,2.4647887323944,4.9295774647887,6.6901408450704,339,0.68661971830985,0.27464788732394,353.8732394366204,f,m,m,l,m,t,t,
190569124078,http://world-en.openfoodfacts.org/product/0190569124078/cauliflower-pizza-crust-original-green-giant,"Cauliflower pizza crust, original",green-giant,,,en:no-artificial-flavors,-3,a,,1.89,0.0,3.77,3.77,30.19,632,0.85,0.34,647.25,f,m,l,l,l,t,t,f
862871000318,http://world-en.openfoodfacts.org/product/0862871000318/cheese-cauliflower-pizza-crust,Cheese cauliflower pizza crust,,,,en:no-gluten,2,b,,10.91,4.24,1.21,9.7,22.42,964,1.0006,0.40024,949.71,f,m,m,l,m,f,,f
872824008209,http://world-en.openfoodfacts.org/product/0872824008209/cheese-crispy-crust-pizza-cheese,"Cheese crispy crust pizza, cheese",,,,,1,b,,8.45,2.82,2.82,8.45,30.99,971,0.845,0.338,983.13,,m,m,l,m,f,,f
19962247217,http://world-en.openfoodfacts.org/product/0019962247217/cheese-olive-oil-plum-tomato-basil-red-peppers-onion-bruschetta-frozen-pizza,"Cheese, olive oil, plum tomato, basil, red peppers & onion bruschetta frozen pizza",,,,,-1,a,,5.15,2.21,2.21,8.82,19.12,678,0.44,0.176,665.53,,m,m,l,m,f,,
42272001903,http://world-en.openfoodfacts.org/product/0042272001903/cheese-pesto-pizza-amy-s,Cheese & Pesto Pizza,"amy-s,amy-s-kitchen-inc",,,,2,b,,13.64,3.03,3.03,9.85,28.03,1142,1.2875,0.515,1148.64,,m,m,l,m,f,,f
685060012066,http://world-en.openfoodfacts.org/product/0685060012066/cheese-pizza-land-mark-products-inc,Cheese Pizza,land-mark-products-inc,,,,2,b,,7.29,3.65,2.08,8.33,30.21,916,1.095,0.438,924.91,,m,m,l,m,f,,f
793573161581,http://world-en.openfoodfacts.org/product/0793573161581/cheese-pizza-oh-yes,Cheese Pizza,oh-yes,,,,1,b,,7.69,3.42,2.56,10.26,30.77,967,0.77,0.308,982.04,,m,m,l,m,f,,f
872824008803,http://world-en.openfoodfacts.org/product/0872824008803/cheese-pizza,Cheese Pizza,,,,,1,b,,8.843537414966,2.3809523809524,2.0408163265306,8.843537414966,31.292517006803,996,0.85034013605442,0.340136054421768,1009.523809523815,,m,m,l,m,,,f
74653293553,http://world-en.openfoodfacts.org/product/0074653293553/cheese-pizza,Cheese Pizza,,,,,2,b,,6.34,2.82,2.82,9.86,32.39,943,0.9838,0.39352,952.83,,m,m,l,m,f,,f
639277923660,http://world-en.openfoodfacts.org/product/0639277923660/cheese-pizza,Cheese Pizza,,,,,2,b,,8.8235294117647,2.4509803921569,1.9607843137255,8.3333333333333,30.392156862745,984,0.87009803921567,0.348039215686268,984.803921568625,,m,m,l,m,,,
25800022243,http://world-en.openfoodfacts.org/product/0025800022243/cheese-pizza-minis-smart-ones,Cheese Pizza Minis,smart-ones,,,,-2,a,,6.45,2.82,3.23,10.48,29.84,912,0.9875,0.395,924.09,,m,m,l,m,f,,
19962246814,http://world-en.openfoodfacts.org/product/0019962246814/cheese-sausage-frozen-pizza-cheese-sausage,"Cheese & sausage frozen pizza, cheese & sausage",,,,,2,b,,6.41,3.21,1.28,14.1,22.44,858,0.8325,0.333,858.35,,m,m,l,m,f,f,
71921682293,http://world-en.openfoodfacts.org/product/0071921682293/chicken-fajita-style-crispy-thin-crust-pizza,Chicken fajita style crispy thin crust pizza,,,,,2,b,,4.86,2.08,1.39,9.72,19.44,669,0.9375,0.375,675.54,,m,m,l,m,f,f,f
72180762726,http://world-en.openfoodfacts.org/product/0072180762726/chicken-fire-roasted-vegetable-whole-grain-crust-kitchen-fresh-pizza-chicken-fire-roasted-vegetable-freschetta,"Chicken & fire roasted vegetable whole grain crust kitchen fresh pizza, chicken & fire roasted vegetable",freschetta,,,en:no-artificial-flavors,1,b,,6.47,2.88,7.19,10.79,27.34,874,1.115,0.446,887.6,f,m,m,m,m,f,,t
850017549654,http://world-en.openfoodfacts.org/product/0850017549654/chicken-mushroom-pie,Chicken mushroom pie,,,,,1,b,9 oz,7.0588235294118,3.921568627451,1.1764705882353,6.6666666666667,12.941176470588,607,0.5392156862745,0.2156862745098,594.5098039215665,,m,m,l,m,,,
71921843830,http://world-en.openfoodfacts.org/product/0071921843830/chicken-parmesan-italian-style-favorites-pizza-chicken-parmesan,"Chicken parmesan italian style favorites pizza, chicken parmesan",,,,,2,b,,5.38,2.31,3.85,10.77,29.23,870,1.115,0.446,879.06,,m,m,l,m,f,f,
43000080788,http://world-en.openfoodfacts.org/product/0043000080788/classic-crust-fire-roasted-veggie-pizza-classic-crust,"Classic crust fire roasted veggie pizza, classic crust",,,,,0,b,,6.77,2.26,2.26,9.02,30.08,883,0.92,0.368,915.19,,m,m,l,m,f,,
36800423701,http://world-en.openfoodfacts.org/product/0036800423701/combination-mini-pizza-bagels-mozzarella-cheese-sausage-and-pepperoni-topped-mini-pizza-bagel-halves-appetizer-combination-mini-pizza-bagels,"Combination mini pizza bagels mozzarella cheese, sausage and pepperoni-topped mini pizza bagel halves appetizer, combination mini pizza bagels",,,,,1,b,,6.82,2.84,3.41,11.36,30.68,904,1.2225,0.489,967.02,,m,m,l,m,f,f,f
75450150742,http://world-en.openfoodfacts.org/product/0075450150742/combination-topped-with-mozzarella-sausage-and-pepperoni-mini-pizza-bagels-combination-hy-vee,"Combination topped with mozzarella, sausage and pepperoni mini pizza bagels, combination",hy-vee,,,,1,b,,6.82,2.84,3.41,11.36,30.68,904,1.2225,0.489,967.02,,m,m,l,m,f,f,
13800135209,http://world-en.openfoodfacts.org/product/0013800135209/comfort-deep-dish-spinach-mushroom-pizza-lean-cuisine,Comfort deep dish spinach & mushroom pizza,lean-cuisine,,,,-1,a,,4.05,1.73,2.89,8.09,31.79,822,0.5579,0.22316,827.81,,m,m,l,m,f,,
36800459984,http://world-en.openfoodfacts.org/product/0036800459984/crav-n-flavor-rising-crust-four-cheese-pizza,Crav'n flavor rising crust four cheese pizza,,,,en:no-artificial-flavors,2,b,,6.7669172932331,3.0075187969925,3.7593984962406,8.2706766917293,32.330827067669,944,1.109022556391,0.4436090225564,940.6015037593958,f,m,m,l,m,f,,
71921007829,http://world-en.openfoodfacts.org/product/0071921007829/crispy-thin-crust,Crispy thin crust,,,,,2,b,,7.41,3.7,1.48,9.63,24.44,837,0.7225,0.289,853.36,,m,m,l,m,f,,t
71921290535,http://world-en.openfoodfacts.org/product/0071921290535/crispy-thin-crust-margherita-frozen-pizza-california-pizza-kitchen,Crispy thin crust margherita frozen pizza,california-pizza-kitchen,,,en:no-artificial-flavors,2,b,,10.958904109589,4.7945205479452,2.7397260273973,8.2191780821918,19.86301369863,860,0.7876712328767,0.31506849315068,882.8767123287636,f,m,m,l,m,f,,t
71921014650,http://world-en.openfoodfacts.org/product/0071921014650/crispy-thin-crust-pizza,Crispy thin crust pizza,,,,,2,b,,6.86,2.86,3.43,10.29,24.57,837,0.915,0.366,846.44,,m,m,l,m,f,,t
35826088154,http://world-en.openfoodfacts.org/product/0035826088154/crispy-thin-crust-pizza-food-lion,Crispy Thin Crust Pizza,food-lion,,,,1,b,,8.843537414966,2.3809523809524,2.0408163265306,8.843537414966,31.292517006803,996,0.85034013605442,0.340136054421768,1009.523809523815,,m,m,l,m,f,,f
643130308006,http://world-en.openfoodfacts.org/product/0643130308006/deep-dish-cheese-pizza-gino-s-east-of-chicago,Deep dish cheese pizza,gino-s-east-of-chicago,,,en:no-preservatives,2,b,32 oz,10.526315789474,3.9473684210526,3.2894736842105,9.8684210526316,24.342105263158,963,1.0526315789474,0.42105263157896,971.0526315789612,f,m,m,l,m,f,,
829006000049,http://world-en.openfoodfacts.org/product/0829006000049/deep-dish-pizza,Deep Dish Pizza,,,,,2,b,23 oz,9.8159509202454,3.0674846625767,1.2269938650307,8.5889570552147,24.539877300613,1001,0.72085889570552,0.288343558282208,926.3803680981508,,m,m,l,m,f,,f
13800135216,http://world-en.openfoodfacts.org/product/0013800135216/deep-dish-three-meat-pepperoni-italian-sausage-beef-with-reduced-fat-mozzarella-cheese-pizza-deep-dish-three-meat-pizza,"Deep dish three meat pepperoni, italian sausage & beef with reduced fat mozzarella cheese pizza, deep dish three meat pizza",,,,,2,b,,5.0,1.94,6.11,11.67,35.0,975,0.945,0.378,978.39,,m,m,m,m,f,f,
71921183448,http://world-en.openfoodfacts.org/product/0071921183448/digiorno-spicy-sausage-pomodoro,"Digiorno, spicy sausage pomodoro",,,,,1,b,,9.02,2.05,2.46,9.84,32.79,1029,0.7375,0.295,1058.45,,m,m,l,m,f,f,
23923206717,http://world-en.openfoodfacts.org/product/0023923206717/earth-s-best-stuffed-pretzels-for-kids-mozzarella-cheese-pizza-sauce,"Earth's best, stuffed pretzels for kids, mozzarella cheese, pizza sauce","earth-s-best,the-hain-celestial-group-inc",,,,0,b,,5.0,1.0,2.0,8.0,38.0,920,1.45,0.58,967.0,,m,l,l,m,f,,
602573189078,http://world-en.openfoodfacts.org/product/0602573189078/famous-tomato-pie,Famous tomato pie,,,,,0,b,,3.91,1.56,3.12,15.62,32.81,787,0.84,0.336,967.98,,m,m,l,m,f,,f
13800869609,http://world-en.openfoodfacts.org/product/0013800869609/farmer-s-market-pizza-with-kale-mushrooms-red-peppers-kale-mushrooms-red-peppers,"Farmer's market pizza with kale, mushrooms & red peppers, kale, mushrooms & red peppers",,,,,1,b,,5.29,2.06,2.35,8.24,27.06,787,0.8975,0.359,795.83,,m,m,l,m,f,,
855307001881,http://world-en.openfoodfacts.org/product/0855307001881/flatbread-pizza-andrea-s-gluten-free,Flatbread Pizza,andrea-s-gluten-free,,,,2,b,,10.26,3.85,2.56,8.33,26.92,992,0.72,0.288,978.87,,m,m,l,m,f,,
41318410181,http://world-en.openfoodfacts.org/product/0041318410181/four-cheese-mozzarella-asiago-parmesan-romano-pizza-four-cheese,"Four cheese mozzarella, asiago, parmesan & romano pizza, four cheese",,,,,2,b,,5.22,2.61,4.48,9.7,31.34,904,1.0825,0.433,890.82,,m,m,l,m,f,,
74175506551,http://world-en.openfoodfacts.org/product/0074175506551/four-cheese-mozzarella-parmesan-romano-asiago-cheeses-rising-crust-pizza-four-cheese,"Four cheese mozzarella, parmesan, romano & asiago cheeses rising crust pizza, four cheese",,,,,2,b,,6.77,3.01,3.76,8.27,31.58,946,1.11,0.444,927.94,,m,m,l,m,f,,
859724002063,http://world-en.openfoodfacts.org/product/0859724002063/four-cheese-pizza,Four cheese pizza,,,,,-2,a,,6.56,2.46,3.28,13.11,22.95,824,0.635,0.254,855.74,,m,m,l,m,f,,
750369041816,http://world-en.openfoodfacts.org/product/0750369041816/four-cheese-sausage-pizza-with-garlic-butter-sauce-no-red-sauce,Four cheese & sausage pizza with garlic butter sauce (no red sauce),,,,,2,b,,9.79,3.5,0.7,10.49,20.98,908,0.665,0.266,897.22,,m,m,l,m,f,f,f
21130120819,http://world-en.openfoodfacts.org/product/0021130120819/french-bread-pepperoni-pizza,French bread pepperoni pizza,,,,,1,b,,8.44,3.9,3.25,9.74,27.92,950,1.04,0.416,952.5,,m,m,l,m,f,f,
19600047704,http://world-en.openfoodfacts.org/product/0019600047704/french-bread-pizza-celeste,French Bread Pizza,celeste,,,,1,b,,7.19,2.88,3.6,7.91,31.65,933,1.08,0.432,938.55,,m,m,l,m,f,,t
41190406661,http://world-en.openfoodfacts.org/product/0041190406661/french-bread-pizza-vegetable-shop-rite,"French bread pizza, vegetable",shop-rite,,,,0,b,,5.0,1.79,3.57,7.14,30.71,837,0.8925,0.357,828.45,,m,m,l,m,f,,f
13800151957,http://world-en.openfoodfacts.org/product/0013800151957/french-bread-supreme-pizza,French Bread Supreme Pizza,,,,,1,b,,4.05,1.16,2.89,9.83,28.32,798,1.0718,0.42872,798.4,,m,l,l,m,f,f,
19962672415,http://world-en.openfoodfacts.org/product/0019962672415/fresh-artisan-shiitake-mushroom-pizza,Fresh artisan shiitake mushroom pizza,,,,,2,b,,7.07,4.04,2.02,14.14,42.42,1226,0.7575,0.303,1223.11,,m,m,l,m,f,,f
705105927206,http://world-en.openfoodfacts.org/product/0705105927206/fresh-artisan-take-t-bake-pizza-tomato-ricotta,"Fresh artisan take t bake pizza, tomato ricotta",,,,,2,b,,7.07,4.04,2.02,13.13,40.4,1184,0.7575,0.303,1171.6,,m,m,l,m,f,,f
880066460143,http://world-en.openfoodfacts.org/product/0880066460143/fresh-homemade-cheese-giazza-pizza,Fresh Homemade Cheese,giazza-pizza,,,en:vegetarian,0,b,856g,10.0,4.29,2.14,10.0,27.9,986,0.0696,0.0279,1014.3,f,l,m,l,m,,t,f
24000248507,http://world-en.openfoodfacts.org/product/0024000248507/garden-vegetable-made-with-roma-tomato-sauce-real-mozzarella-cheese-bell-peppers-mushroom-onion-garden-vegetable-del-monte,"Garden vegetable made with roma tomato sauce, real mozzarella cheese, bell peppers, mushroom & onion, garden vegetable",del-monte,,,,-1,a,,5.66,2.83,5.66,7.55,36.79,946,0.755,0.302,963.2,,m,m,m,m,f,,t
8014294303329,http://world-en.openfoodfacts.org/product/8014294303329/garden-vegetable-pizza-roncadin,Garden Vegetable Pizza,roncadin,,,,2,b,,7.4626865671642,2.6119402985075,2.9850746268657,8.955223880597,26.119402985075,874,0.8955223880597,0.35820895522388,872.3880597014994,,m,m,l,m,,,
688267085642,http://world-en.openfoodfacts.org/product/0688267085642/giant-crispy-thin-crust-white-pizza,"Giant, crispy thin crust white pizza",giant,,,,2,b,,8.26,3.72,1.65,8.26,23.97,828,0.785,0.314,853.53,,m,m,l,m,f,,
643130310009,http://world-en.openfoodfacts.org/product/0643130310009/gino-s-east-of-chicago-uncured-pepperoni-authentic-deep-dish-pizza-nostalgic-food-distributors-inc,"Gino's East Of Chicago, Uncured Pepperoni Authentic Deep Dish Pizza",nostalgic-food-distributors-inc,,,,2,b,,10.6,3.97,1.32,8.61,17.88,858,0.5625,0.225,842.53,,m,m,l,m,f,f,f
26605111712,http://world-en.openfoodfacts.org/product/0026605111712/gourmet-flatbread-pizza,Gourmet flatbread pizza,,,,,2,b,,7.97,3.62,0.72,10.87,21.01,879,0.87,0.348,836.85,,m,m,l,m,f,,f
750369041915,http://world-en.openfoodfacts.org/product/0750369041915/gourmet-pizza,Gourmet pizza,,,,,1,b,,7.03,2.73,1.56,12.5,25.78,883,0.7225,0.289,910.87,,m,m,l,m,f,f,f
14777005908,http://world-en.openfoodfacts.org/product/0014777005908/greco-pizza-chicken-sun-dried-tomatoes-and-feta-over-arrabiatta-sauce,"Greco pizza chicken, sun-dried tomatoes and feta over arrabiatta sauce.",,,,,2,b,,7.69,3.46,1.54,10.77,10.0,870,0.8275,0.331,637.62,,m,m,l,m,f,f,
41130387708,http://world-en.openfoodfacts.org/product/0041130387708/grilled-vegetable-pizza-culinary-circle,Grilled vegetable pizza,culinary-circle,,,,2,b,,6.0,1.33,3.33,7.33,27.33,808,1.1675,0.467,811.22,,m,l,l,m,f,,f
646670511981,http://world-en.openfoodfacts.org/product/0646670511981/grilled-vegetable-pizza,Grilled Vegetable Pizza,,,,"en:organic,en:usda-organic",0,b,,8.1481481481481,2.962962962963,2.962962962963,6.6666666666667,23.703703703704,806,0.85185185185185,0.34074074074074,817.7777777777816,t,m,m,l,m,,,
36800044784,http://world-en.openfoodfacts.org/product/0036800044784/grilled-vegetable-pizza-crafted-with-tomato-sauce-mozzarella-cheese-and-a-harmonious-blend-of-eggplant-spinach-grilled-zucchini-grilled-red-and-yellow-peppers-grilled-vegetable-full-circle-market,"Grilled vegetable pizza crafted with tomato sauce, mozzarella cheese, and a harmonious blend of eggplant, spinach, grilled zucchini, & grilled red and yellow peppers, grilled vegetable","full-circle-market,topco-associates-inc",,,,1,b,,5.8,2.54,1.45,7.25,25.36,787,0.9775,0.391,768.97,,m,m,l,m,f,,f
75450233292,http://world-en.openfoodfacts.org/product/0075450233292/gustare-vita-margherita-mozzarella-cheese,Gustare vita margherita mozzarella cheese,,,,,2,b,,8.1632653061224,4.0816326530612,2.7210884353741,10.204081632653,29.251700680272,911,0.85034013605442,0.340136054421768,972.7891156462538,,m,m,l,m,f,,f
4311501715277,http://world-en.openfoodfacts.org/product/4311501715277/gut-und-gunstig-pizza-spinazi-gut-gunstig,Gut und günstig Pizza Spinazi,gut-gunstig,Edeka,,,0,b,780 g,6.7,3.5,2.6,8.1,21.9,770,0.0,0.0,757.9,,l,m,l,m,,,
195053000081,http://world-en.openfoodfacts.org/product/0195053000081/hakki-s-vegan-pizza,Hakki’s vegan pizza,,,,"en:vegetarian,en:vegan",-1,a,,3.5211267605634,0.70422535211268,3.5211267605634,4.9295774647887,21.830985915493,607,0.88732394366197,0.354929577464788,585.2112676056347,f,m,l,l,m,t,t,
77485002539,http://world-en.openfoodfacts.org/product/0077485002539/hand-rolled-pizza-rolls,Hand rolled pizza rolls,,,,,1,b,,7.06,1.76,3.53,8.24,31.76,937,1.06,0.424,941.22,,m,m,l,m,f,,f
85239022559,http://world-en.openfoodfacts.org/product/0085239022559/hawaiian-style-sweet-pineapple-pieces-slices-of-canadian-bacon-on-a-thick-self-rising-crust-pizza,"Hawaiian-style sweet pineapple pieces & slices of canadian bacon on a thick, self-rising crust pizza",,,,,2,b,,5.59,2.1,3.5,9.09,29.37,849,1.12,0.448,860.65,,m,m,l,m,f,,
854527004016,http://world-en.openfoodfacts.org/product/0854527004016/hb-vt-half-baked-pizza,Hb vt half baked pizza,half-baked,,,en:no-preservatives,-4,a,18 oz,6.8702290076336,2.6717557251908,0.76335877862595,9.1603053435114,30.534351145038,958,0.68702290076335,0.27480916030534,929.007633587783,f,m,m,l,m,f,,f
16741000674,http://world-en.openfoodfacts.org/product/0016741000674/herb-pizza,Herb pizza,,,,,1,b,,9.0909090909091,4.5454545454545,1.5151515151515,10.606060606061,27.272727272727,983,0.9280303030303,0.37121212121212,980.3030303030328,,m,m,l,m,f,,f
852596004609,http://world-en.openfoodfacts.org/product/0852596004609/hungry-chef-company-pizza-puffs-spicy-pepperoni-mozzarella-digimarc,"Hungry Chef Company, Pizza Puffs, Spicy Pepperoni & Mozzarella!",digimarc,,,,-1,a,,0.41,0.0,4.1,2.46,21.31,343,0.76962,0.307848,419.26,,m,l,l,l,,,
78742237794,http://world-en.openfoodfacts.org/product/0078742237794/italia-hand-stretched-wood-fired-italian-crust-pizza-spinach-and-pesto-with-mozzarella-cheese,Italia hand stretched & wood fired italian crust pizza spinach and pesto with mozzarella cheese,,,,,2,b,,10.53,3.01,3.76,12.78,27.82,1071,1.315,0.526,1079.81,,m,m,l,m,f,f,
77890403150,http://world-en.openfoodfacts.org/product/0077890403150/italian-classics-pizza-liguria,Italian classics pizza liguria,,,,,1,b,,8.15,2.96,2.96,8.15,25.93,900,1.0,0.4,880.91,,m,m,l,m,f,f,
77890403143,http://world-en.openfoodfacts.org/product/0077890403143/italian-classics-pizza-toscana,Italian classics pizza toscana,,,,,2,b,,12.59,4.44,2.22,8.15,24.44,1021,0.815,0.326,1019.86,,m,m,l,m,f,,
962100350204,http://world-en.openfoodfacts.org/product/0962100350204/italian-sausage-pizza,Italian sausage pizza,,,,,-1,a,,1.76,0.66,0.66,1.76,3.97,176,0.0,0.0,162.53,,l,l,l,l,f,,
5051379106652,http://world-en.openfoodfacts.org/product/5051379106652/italian-thin-crust-margherita-pizza-take-bake,Italian Thin Crust Margherita Pizza,take-bake,,,,0,b,,6.5,2.44,2.44,6.5,16.26,611,0.37084,0.148336,627.42,,m,m,l,m,f,,f
42272008278,http://world-en.openfoodfacts.org/product/0042272008278/italian-vegetable-pizza-amy-s,Italian vegetable pizza,"amy-s,amy-s-kitchen-inc",,,,0,b,,4.23,1.41,4.23,9.15,25.35,824,0.985,0.394,743.01,,m,l,l,m,f,,f
38000171987,http://world-en.openfoodfacts.org/product/0038000171987/kellogg-s-pop-tarts-whole-grain-blueberry-1-76oz,Kellogg'S Pop-Tarts Whole Grain Blueberry 1.76Oz,,,,,-1,a,,3.0,1.0,14.0,2.0,36.0,711,0.18,0.072,757.0,,l,l,h,m,f,f,t
643130400151,http://world-en.openfoodfacts.org/product/0643130400151/kosher-spinach-dish-pizza,Kosher spinach dish pizza,,,,,0,b,,7.35,2.57,0.74,8.09,19.85,736,0.4775,0.191,746.93,,m,m,l,m,f,,
21908509150,http://world-en.openfoodfacts.org/product/0021908509150/larabar-pecan-pie-fruit-nut-bar,Larabar Pecan Pie Fruit & Nut Bar,larabar,,,,1,b,,31.11,2.22,35.56,6.67,48.89,2046,0.0,0.0,2095.59,,l,m,h,h,t,t,f
13800447487,http://world-en.openfoodfacts.org/product/0013800447487/lean-cuisine-pepperoni-pizza,"Lean cuisine, pepperoni pizza",,,,,0,b,,5.29,1.76,3.53,11.76,34.12,958,0.8525,0.341,975.69,,m,m,l,m,f,f,
13800446091,http://world-en.openfoodfacts.org/product/0013800446091/lean-cuisine-wood-fire-style-roasted-garlic-chicken-pizza,"Lean cuisine, wood fire-style roasted garlic chicken pizza",,,,,0,b,,4.71,1.76,3.53,12.94,32.35,937,0.795,0.318,944.2,,m,m,l,m,f,f,f
42272008261,http://world-en.openfoodfacts.org/product/0042272008261/light-lean-cheese-pizza-amy-s,Light & Lean Cheese Pizza,amy-s,,,,-1,a,,4.23,2.11,4.23,9.86,26.76,795,0.845,0.338,779.05,,m,m,l,m,f,,f
736211950031,http://world-en.openfoodfacts.org/product/0736211950031/luna-pie,Luna pie,"luna,wegmans",,,,2,b,,7.14,2.78,2.38,8.73,25.4,795,1.11,0.444,844.39,,m,m,l,m,f,f,
810882010055,http://world-en.openfoodfacts.org/product/0810882010055/mamma-mia-cheesy-pizza-kidfresh,Mamma Mia Cheesy Pizza,kidfresh,,,,-1,a,,5.0505050505051,2.5252525252525,2.020202020202,10.10101010101,32.323232323232,930,0.85858585858585,0.34343434343434,908.0808080808029,,m,m,l,m,f,,
79893311074,http://world-en.openfoodfacts.org/product/0079893311074/margherita-mozzarella-parmesan-and-romano-cheeses-topped-with-tomatoes-and-basil-thin-crust-pizza-margherita,"Margherita mozzarella, parmesan and romano cheeses topped with tomatoes and basil thin crust pizza, margherita",,,,,2,b,,8.28,4.14,2.07,10.34,26.21,925,0.8975,0.359,927.71,,m,m,l,m,f,,f
73866200907,http://world-en.openfoodfacts.org/product/0073866200907/margherita-napoli-pizza-kings-super-markets-inc,Margherita Napoli Pizza,kings-super-markets-inc,,,,1,b,,4.29,2.14,1.43,8.57,33.57,837,0.8125,0.325,875.11,,m,m,l,m,f,,
85239307700,http://world-en.openfoodfacts.org/product/0085239307700/margherita-rising-crust-pizza-target-stores,Margherita Rising Crust Pizza,target-stores,,,,2,b,,6.19,2.65,2.65,10.62,30.97,887,0.995,0.398,936.06,,m,m,l,m,f,,f
79893115931,http://world-en.openfoodfacts.org/product/0079893115931/margherita-thin-crust-pizza-margherita,"Margherita thin crust pizza, margherita",,,,en:organic,2,b,,6.52,3.26,2.17,8.7,30.43,879,0.78,0.312,906.45,t,m,m,l,m,f,,
13800135223,http://world-en.openfoodfacts.org/product/0013800135223/margherita-with-tomatoes-mozzarella-ricotta-parmesan-romano-cheeses-pizza,"Margherita with tomatoes & mozzarella, ricotta, parmesan & romano cheeses pizza",,,,,1,b,,5.29,2.35,2.94,8.24,27.65,812,0.8375,0.335,805.86,,m,m,l,m,f,,
826246890010,http://world-en.openfoodfacts.org/product/0826246890010/meatless-pepperoni-supreme-pizza-vitalicious-inc,Meatless pepperoni supreme pizza,vitalicious-inc,,,,-6,a,,3.31,1.99,1.99,9.27,25.17,611,0.6125,0.245,707.95,,m,m,l,m,f,,t
28989100160,http://world-en.openfoodfacts.org/product/0028989100160/mediterranean-chickpeas-spinach-and-roma-tomatoes-with-feta-and-mozzarella-cheese-on-a-traditional-crust-made-with-whole-grain-one-single-serve-veggie-pizza-mediterranean-chickpea,"Mediterranean chickpeas, spinach and roma tomatoes with feta and mozzarella cheese on a traditional crust made with whole grain one single serve veggie pizza, mediterranean chickpea",,,,,-3,a,,7.36,2.15,3.07,11.04,36.2,975,0.8125,0.325,1075.4,,m,m,l,m,f,,f
859724002339,http://world-en.openfoodfacts.org/product/0859724002339/mediterranean-style-pizza-affiliate-of-better-for-you-foods,Mediterranean Style Pizza,affiliate-of-better-for-you-foods,,,,-1,a,,5.93,2.22,2.22,8.15,20.0,682,0.685,0.274,697.96,,m,m,l,m,f,,
36800180314,http://world-en.openfoodfacts.org/product/0036800180314/mini-pizza-bagels,Mini pizza bagels,,,,,0,b,,4.55,2.84,3.41,11.36,31.82,858,0.965,0.386,902.41,,m,m,l,m,f,,
41735003584,http://world-en.openfoodfacts.org/product/0041735003584/mini-pizza-bagels,Mini pizza bagels,,,,,1,b,,6.82,2.84,3.41,11.36,30.68,904,1.1925,0.477,967.02,,m,m,l,m,f,f,
41268192885,http://world-en.openfoodfacts.org/product/0041268192885/mini-pizza-bagels-hannaford,Mini Pizza Bagels,hannaford,,,,0,b,,4.55,2.84,3.41,11.36,31.82,858,0.965,0.386,902.41,,m,m,l,m,f,,
77890367315,http://world-en.openfoodfacts.org/product/0077890367315/mini-pizza-bagels-wegmans,Mini Pizza Bagels,wegmans,,,,1,b,,6.82,2.84,3.41,11.36,31.82,904,1.1925,0.477,986.4,,m,m,l,m,f,f,
888670047989,http://world-en.openfoodfacts.org/product/0888670047989/mini-pizza-bagels-with-mozzarella-cheese-tomato-sauce-mozzarella-cheese,"Mini pizza bagels with mozzarella cheese & tomato sauce, mozzarella cheese",,,,,1,b,,4.55,2.27,4.55,11.36,30.68,808,0.965,0.386,883.03,,m,m,l,m,f,,f
35826080257,http://world-en.openfoodfacts.org/product/0035826080257/mini-pizza-bagles,Mini pizza bagles,,,,,0,b,,4.55,2.84,3.41,11.36,31.82,858,0.965,0.386,902.41,,m,m,l,m,f,,
860997002605,http://world-en.openfoodfacts.org/product/0860997002605/mozzarella-pizza-alex-s-awesome-sourdough,Mozzarella Pizza,alex-s-awesome-sourdough,,,"en:organic,en:no-gmos,en:usda-organic,en:no-added-sugar",-1,a,"12 oz, 340 g",7.06,2.94,1.18,10.6,32.4,985,1.31,0.524,992.22,t,m,m,l,m,f,,
36406303568,http://world-en.openfoodfacts.org/product/0036406303568/multigrain-crust-pizza,Multigrain crust pizza,,,,,-3,a,,4.29,1.79,2.14,8.57,23.57,686,0.4475,0.179,705.11,,m,m,l,m,f,,
859724002087,http://world-en.openfoodfacts.org/product/0859724002087/multi-grain-thin-crust-mediterranean-pizza,Multi-grain thin crust mediterranean pizza,,,,,0,b,,6.16,2.05,2.74,10.96,20.55,745,0.805,0.322,763.59,,m,m,l,m,f,,
71921462833,http://world-en.openfoodfacts.org/product/0071921462833/mushroom-and-green-onion-topped-with-white-portabella-crimini-mushrooms-mozzarella-cheese-green-onions-and-basil-over-creamy-garlic-flavored-sauce-crispy-thin-crust-pizza,"Mushroom and green onion topped with white, portabella & crimini mushrooms, mozzarella cheese, green onions and basil over creamy garlic flavored sauce crispy thin crust pizza",,,,,2,b,,5.71,2.86,1.43,8.57,23.57,749,1.0,0.4,757.65,,m,m,l,m,f,,t
11433119689,http://world-en.openfoodfacts.org/product/0011433119689/naan-pizza-egglant-tandoor-chef,Naan pizza egglant,tandoor-chef,,,,2,b,,7.8740157480315,3.1496062992126,3.1496062992126,10.236220472441,34.645669291339,1054,1.1023622047244,0.44094488188976,1054.3307086614257,,m,m,l,m,f,,f
70625087212,http://world-en.openfoodfacts.org/product/0070625087212/natural-pizza,Natural pizza,,,,,1,b,,4.51,2.26,2.26,9.77,30.83,883,1.11,0.444,857.07,,m,m,l,m,f,,f
70625087175,http://world-en.openfoodfacts.org/product/0070625087175/natural-pizza,Natural pizza,,,,,2,b,,3.76,2.26,2.26,9.02,30.83,849,1.2025,0.481,816.57,,m,m,l,m,f,,f
70625087205,http://world-en.openfoodfacts.org/product/0070625087205/natural-pizza-arugula,Natural pizza arugula,,,,,1,b,,5.26,3.01,2.26,10.53,29.32,912,1.11,0.444,872.07,,m,m,l,m,f,,f
738089544084,http://world-en.openfoodfacts.org/product/0738089544084/new-york-style-real-cheese-pizza-the-old-city-cafe,New York Style! Real Cheese Pizza,the-old-city-cafe,,,,0,b,,3.65,1.46,2.92,8.76,31.39,824,0.895,0.358,817.6,,m,l,l,m,f,,f
632674761439,http://world-en.openfoodfacts.org/product/0632674761439/nutrisystem-italian-sausage-and-turkey-pepperoni-pizza,Nutrisystem Italian sausage and turkey pepperoni pizza,nutrisystem,,,,1,b,,6.4516129032258,2.0161290322581,3.2258064516129,12.096774193548,26.612903225806,877,1.1491935483871,0.45967741935484,896.7741935483726,,m,m,l,m,,,
19962672217,http://world-en.openfoodfacts.org/product/0019962672217/n-y-four-cheese-signature-pizza,N.y four cheese signature pizza,,,,,2,b,,7.07,4.04,1.01,13.13,39.39,1184,0.7575,0.303,1154.43,,m,m,l,m,f,,f
859724002278,http://world-en.openfoodfacts.org/product/0859724002278/old-world-veggie-pizza-an-affiliate-of-better-for-you-foods-llc,Old World Veggie Pizza,an-affiliate-of-better-for-you-foods-llc,,,,-1,a,,4.62,2.31,2.31,9.23,20.0,678,0.6925,0.277,667.85,,m,m,l,m,f,,
855873008543,http://world-en.openfoodfacts.org/product/0855873008543/one-bite-supreme-stone-baked-crust-pizza,One Bite Supreme Stone Baked Crust Pizza,,,,,2,b,,8.5526315789474,3.2894736842105,1.3157894736842,10.526315789474,26.315789473684,936,1.1019736842105,0.4407894736842,942.7631578947398,,m,m,l,m,,,
70085035129,http://world-en.openfoodfacts.org/product/0070085035129/ore-ida-three-cheese-frozen,Ore-ida three cheese frozen,,,,en:no-artificial-flavors,2,b,,5.68,2.27,3.41,7.95,36.36,951,1.0102,0.40408,963.43,f,m,m,l,m,f,,
70085060107,http://world-en.openfoodfacts.org/product/0070085060107/ore-ida-three-cheese-frozen-mini-bagel-pizzas,Ore-ida three cheese frozen mini bagel pizzas,ore-ida,,,en:no-artificial-flavors,2,b,7 OZ (198 g),5.68,2.84,3.41,7.95,36.36,950,0.995,0.398,963.43,f,m,m,l,m,f,,
646670511936,http://world-en.openfoodfacts.org/product/0646670511936/organic-arugala-tomato-pizza-sprouts,Organic Arugala & Tomato Pizza,sprouts,,,"en:organic,en:usda-organic,en:made-in-italy",2,b,,8.9430894308943,3.2520325203252,4.8780487804878,8.9430894308943,25.20325203252,884,0.85365853658538,0.341463414634152,911.3821138211322,t,m,m,l,m,,,
11150195034,http://world-en.openfoodfacts.org/product/0011150195034/organic-authentic-italian-thin-crust-pizza-simply-roundy-s,Organic Authentic Italian Thin Crust Pizza,simply-roundy-s,,,en:organic,1,b,,6.45,3.23,2.69,9.68,25.27,854,0.995,0.398,832.8,t,m,m,l,m,f,,f
859724002513,http://world-en.openfoodfacts.org/product/0859724002513/organic-bbq-chicken-pizza,Organic bbq chicken pizza,,,,en:organic,0,b,,5.69,2.44,4.88,9.76,30.89,920,1.1575,0.463,901.58,t,m,m,l,m,f,f,f
859724002452,http://world-en.openfoodfacts.org/product/0859724002452/organic-cheese-pizza,Organic cheese pizza,,,,en:organic,-1,a,,7.96,3.1,1.77,10.62,30.09,962,1.0175,0.407,986.59,t,m,m,l,m,f,,f
859724002469,http://world-en.openfoodfacts.org/product/0859724002469/organic-pepperoni-pizza,Organic pepperoni pizza,,,,en:organic,0,b,,9.4,3.42,1.71,10.26,29.06,1000,1.1975,0.479,1016.24,t,m,m,l,m,f,f,f
11110784063,http://world-en.openfoodfacts.org/product/0011110784063/organic-spinach-mushroom-alfredo-pizza-simple-truth-organic,Organic spinach & mushroom alfredo pizza,simple-truth-organic,,,en:organic,2,b,,7.64,3.47,2.78,9.72,29.86,958,0.7975,0.319,955.54,t,m,m,l,m,f,,
28081302646,http://world-en.openfoodfacts.org/product/0028081302646/original-bagels-with-cream-cheese-harlan-bakeries-llc,Original Bagels With Cream Cheese,harlan-bakeries-llc,,,,1,b,,7.25,4.35,5.8,8.7,40.58,1092,0.6525,0.261,1106.01,,m,m,m,m,f,,
71921299880,http://world-en.openfoodfacts.org/product/0071921299880/original-canadian-bacon-pizza,Original canadian bacon pizza,,,,,2,b,,6.3492063492063,2.6455026455026,2.1164021164021,8.4656084656085,17.460317460317,664,1.0714285714286,0.42857142857144,675.6613756613666,,m,m,l,m,f,,t
854826003062,http://world-en.openfoodfacts.org/product/0854826003062/original-italian-sausage-dippin-pizza,Original Italian Sausage Dippin' Pizza,dippin-pizza,,,,2,b,,8.82,3.68,3.68,11.76,23.53,891,0.6425,0.257,926.27,,m,m,l,m,f,f,
11433119696,http://world-en.openfoodfacts.org/product/0011433119696/original-naan-pizza-tandoor-chef,Original Naan Pizza,tandoor-chef,,,en:no-preservatives,2,b,211 g,6.6666666666667,2.8571428571429,1.9047619047619,10.47619047619,40.952380952381,1116,1.1428571428571,0.45714285714284,1120.9523809523748,f,m,m,l,m,f,,f
870375001649,http://world-en.openfoodfacts.org/product/0870375001649/original-pepperoni-pizza,Original pepperoni pizza,,,,,-1,a,,8.2,2.87,1.64,14.75,24.59,962,1.23,0.492,972.18,,m,m,l,m,f,f,f
74653101346,http://world-en.openfoodfacts.org/product/0074653101346/original-thin-chicken-grilled-white-meat-chicken-onions-green-peppers-cheddar-mozzarella-cheeses-supreme-pizza-original-thin-chicken-supreme,"Original thin chicken grilled white meat chicken, onions, green peppers, cheddar & mozzarella cheeses supreme pizza, original thin chicken supreme",,,,,2,b,,7.64,3.47,2.78,11.11,24.31,870,0.8725,0.349,884.82,,m,m,l,m,f,,f
36800035508,http://world-en.openfoodfacts.org/product/0036800035508/partyzone-mini-pizza-bagels-combination,"Partyzone, mini pizza bagels, combination",,,,,2,b,,6.82,2.84,3.41,10.23,30.68,904,1.25,0.5,947.81,,m,m,l,m,f,f,
36800035492,http://world-en.openfoodfacts.org/product/0036800035492/partyzone-mini-pizza-bagels-pepperoni,"Partyzone, mini pizza bagels, pepperoni",,,,,1,b,,6.82,2.84,3.41,11.36,31.82,904,1.1925,0.477,986.4,,m,m,l,m,f,f,
41303018996,http://world-en.openfoodfacts.org/product/0041303018996/pecan-pieces-essential-everyday,Pecan pieces,essential-everyday,,,,-1,a,,73.33,6.67,3.33,10.0,13.33,2929,0.0,0.0,3109.82,,l,h,l,h,t,t,f
646345331005,http://world-en.openfoodfacts.org/product/0646345331005/pecans-golden-tree,Pecans,golden-tree,,,,0,b,,71.43,7.14,3.57,10.71,14.29,2841,0.0,0.0,3067.91,,l,h,l,h,t,t,f
36800423718,http://world-en.openfoodfacts.org/product/0036800423718/pepperoni-cheese-mini-pizza-bagels-mozzarella-cheese-and-pepperoni-topped-mini-pizza-bagel-halves-appetizer-pepperoni-cheese-mini-pizza-bagels,"Pepperoni & cheese mini pizza bagels mozzarella cheese and pepperoni-topped mini pizza bagel halves appetizer, pepperoni & cheese mini pizza bagels",,,,,1,b,,6.82,2.84,3.41,11.36,30.68,904,1.1925,0.477,967.02,,m,m,l,m,f,f,f
859987061289,http://world-en.openfoodfacts.org/product/0859987061289/pepperoni-mini-bagels-signature,Pepperoni Mini Bagels,signature,,,,1,b,,6.82,2.84,3.41,11.36,31.82,904,1.1925,0.477,986.4,,m,m,l,m,f,f,
35826080264,http://world-en.openfoodfacts.org/product/0035826080264/pepperoni-mini-pizza-bagels,Pepperoni mini pizza bagels,,,,,1,b,,6.82,2.84,3.41,11.36,31.82,904,1.1925,0.477,986.4,,m,m,l,m,f,f,
25800025152,http://world-en.openfoodfacts.org/product/0025800025152/pepperoni-pizza,Pepperoni pizza,,,,"en:low-or-no-fat,en:low-fat,en:reduced-fat",2,b,,7.51,2.89,4.05,12.14,32.95,1042,1.1275,0.451,1044.4,f,m,m,l,m,f,f,
655447009071,http://world-en.openfoodfacts.org/product/0655447009071/pepperoni-pizza,Pepperoni pizza,,,,,-1,a,,6.3063063063063,2.7027027027027,3.6036036036036,10.810810810811,30.630630630631,905,0.76576576576577,0.306306306306308,937.8378378378472,,m,m,l,m,,,
14777039880,http://world-en.openfoodfacts.org/product/0014777039880/pepperoni-pizza,Pepperoni pizza,,,,,2,b,,6.34,3.17,2.11,10.56,26.76,854,0.7225,0.289,869.02,,m,m,l,m,f,f,f
30034923785,http://world-en.openfoodfacts.org/product/0030034923785/pepperoni-pizza-in-a-golden-crust-snack-rollz-pepperoni,"Pepperoni pizza in a golden crust snack rollz, pepperoni",,,,,2,b,,9.41,1.76,2.35,7.06,29.41,937,0.97,0.388,968.16,,m,m,l,m,f,f,t
632674751119,http://world-en.openfoodfacts.org/product/0632674751119/pepperoni-pizza-melt,Pepperoni pizza melt,,,,,-3,a,,4.63,1.39,1.85,11.11,30.56,854,0.995,0.398,879.7,,m,l,l,m,f,f,
25800022250,http://world-en.openfoodfacts.org/product/0025800022250/pepperoni-pizza-minis-smart-ones,Pepperoni pizza minis,smart-ones,,,,-2,a,2 Servings,5.65,2.02,4.84,9.68,33.87,946,0.9275,0.371,949.4,,m,m,l,m,f,f,
717854106542,http://world-en.openfoodfacts.org/product/0717854106542/pepperoni-pizza-snackers-michelina-s,Pepperoni pizza snackers,"michelina-s,bellisio-foods-inc",,,,2,b,,10.59,2.94,3.53,8.24,29.41,1033,0.8225,0.329,1031.88,,m,m,l,m,f,f,
75450150735,http://world-en.openfoodfacts.org/product/0075450150735/pepperoni-topped-with-mozzarella-cheese-and-pepperoni-mini-pizza-bagels-pepperoni-hyvee,"Pepperoni topped with mozzarella cheese and pepperoni mini pizza bagels, pepperoni",hyvee,,,,1,b,,6.82,2.84,3.41,11.36,30.68,904,1.1925,0.477,967.02,,m,m,l,m,f,f,
32100055499,http://world-en.openfoodfacts.org/product/0032100055499/pie-chef-pierre,PIE,chef-pierre,,,,1,b,,7.26,3.63,0.81,1.61,41.13,979,0.665,0.266,995.2,,m,m,l,m,f,,t
810456010054,http://world-en.openfoodfacts.org/product/0810456010054/pizza-mandia,Pizza,mandia,,,,1,b,,9.63,2.96,1.48,10.37,31.11,1054,0.9825,0.393,1061.47,,m,m,l,m,f,,
814351020064,http://world-en.openfoodfacts.org/product/0814351020064/pizza-robert-irvine-foods,Pizza,robert-irvine-foods,,,,2,b,,8.33,3.79,3.03,8.33,18.94,761,1.1175,0.447,771.8,,m,m,l,m,f,,f
615295697431,http://world-en.openfoodfacts.org/product/0615295697431/pizza,Pizza,,,,en:kosher,1,b,40 oz,4.2253521126761,1.7605633802817,2.112676056338,9.1549295774648,30.281690140845,825,0.9330985915493,0.37323943661972,826.7605633802823,f,m,m,l,m,,,
25583009745,http://world-en.openfoodfacts.org/product/0025583009745/pizza,Pizza,,,,,-3,a,,5.19,0.37,5.19,11.11,25.93,808,0.675,0.27,821.71,,m,l,m,m,,,f
725439995474,http://world-en.openfoodfacts.org/product/0725439995474/pizza,Pizza,,,,,1,b,,5.7,2.53,1.9,8.23,25.95,820,0.9025,0.361,791.96,,m,m,l,m,f,,f
14777039965,http://world-en.openfoodfacts.org/product/0014777039965/pizza,Pizza,,,,,2,b,,8.0,3.6,1.6,11.2,24.8,904,0.82,0.328,908.0,,m,m,l,m,f,f,f
77319108574,http://world-en.openfoodfacts.org/product/0077319108574/pizza-bagels-macabee-foods-inc,Pizza bagels,macabee-foods-inc,,,,2,b,,4.79,2.05,4.11,10.96,32.88,916,1.095,0.438,922.51,,m,m,l,m,f,,f
41220337729,http://world-en.openfoodfacts.org/product/0041220337729/pizza-cheesy-queso,Pizza Cheesy Queso,,,,,1,b,,8.843537414966,2.3809523809524,0.68027210884354,8.843537414966,31.292517006803,996,0.85034013605442,0.340136054421768,1009.523809523815,,m,m,l,m,,,
862871000325,http://world-en.openfoodfacts.org/product/0862871000325/pizza-crust-margherita,Pizza crust margherita,,,,en:no-gluten,0,b,,9.09,3.03,1.21,7.27,22.42,837,0.7235,0.2894,841.06,f,m,m,l,m,f,,f
81319921705,http://world-en.openfoodfacts.org/product/0081319921705/pizza-margherita-casa-visco-finer-foods,Pizza Margherita,casa-visco-finer-foods,,,,0,b,,1.5625,0.0,4.6875,1.5625,7.8125,229,0.078125,0.03125,217.1875,,l,l,l,l,,,f
4388860469592,http://world-en.openfoodfacts.org/product/4388860469592/pizza-margherita-ja,Pizza Margherita,ja,,,,2,b,1pcs,5.5,2.1,4.1,9.0,34.6,958,0.9,0.36,944.7,,m,m,l,m,,,f
42272001873,http://world-en.openfoodfacts.org/product/0042272001873/pizza-marghertita-amy-s,Pizza marghertita,amy-s,,,,2,b,,9.66,2.84,2.27,9.09,26.7,950,1.0225,0.409,965.85,,m,m,l,m,f,,f
581921005003,http://world-en.openfoodfacts.org/product/0581921005003/pizza-marguerite-betty-bossi,Pizza marguerite,betty-bossi,,,,2,b,,7.3,0.0,0.0,7.5,21.0,770,0.94,0.376,754.6,,m,l,l,m,,,
42272001972,http://world-en.openfoodfacts.org/product/0042272001972/pizza-pesto-amy-s,Pizza pesto,"amy-s,amy-s-kitchen-inc",,,,2,b,,9.6,2.53,1.52,9.09,26.26,929,0.985,0.394,956.15,,m,m,l,m,f,,f
59749951135,http://world-en.openfoodfacts.org/product/0059749951135/pizza-porc-effiloche-epice-irresistibles,Pizza porc effiloché épicé,irresistibles,,,en:no-colorings,1,b,,3.9893617021277,1.5957446808511,7.4468085106383,11.170212765957,37.234042553191,935,0.95079787234043,0.380319148936172,970.4787234042408,f,m,m,m,m,,,
70085046941,http://world-en.openfoodfacts.org/product/0070085046941/pizza-snacks,Pizza snacks!,,,,,2,b,,6.82,2.84,3.41,7.95,36.36,1000,1.08,0.432,1005.61,,m,m,l,m,f,f,
70085060138,http://world-en.openfoodfacts.org/product/0070085060138/pizza-snacks,Pizza Snacks!,,,,en:no-artificial-flavors,2,b,7 oz,6.82,2.27,3.41,7.95,36.36,998,1.0968,0.43872,1005.61,f,m,m,l,m,f,f,
70085035228,http://world-en.openfoodfacts.org/product/0070085035228/pizza-snacks,Pizza Snacks!,,,,en:no-artificial-flavors,2,b,,6.82,2.27,3.41,7.95,36.36,998,1.0968,0.43872,1005.61,f,m,m,l,m,f,f,
70085034023,http://world-en.openfoodfacts.org/product/0070085034023/pizza-snacks-mini-bagels-bagel-bites,Pizza snacks mini bagels,bagel-bites,,,,2,b,72,6.82,2.84,3.41,7.95,36.36,1000,1.08,0.432,1005.61,,m,m,l,m,f,f,
70085036720,http://world-en.openfoodfacts.org/product/0070085036720/pizza-snacks-three-cheese,"Pizza snacks!, three cheese",,,,,2,b,,5.68,2.84,3.41,7.95,36.36,950,0.995,0.398,963.43,,m,m,l,m,f,,
42272002597,http://world-en.openfoodfacts.org/product/0042272002597/pizza-spinach-amy-s,Pizza spinach,"amy-s,amy-s-kitchen-inc",,,,0,b,,8.82,2.94,2.45,9.31,26.47,904,0.4775,0.191,934.6,,m,m,l,m,f,,f
859540005019,http://world-en.openfoodfacts.org/product/0859540005019/pizza-supreme-gourmet-calzones,Pizza supreme gourmet calzones,,,,,0,b,,4.93,1.41,2.11,7.04,26.76,736,0.5625,0.225,757.01,,m,l,l,m,f,,f
628451684886,http://world-en.openfoodfacts.org/product/0628451684886/plant-based-siciliana-pizza-pizza-oggi,Plant based siciliana pizza,pizza-oggi,,,"en:no-gluten,en:vegetarian,en:vegan",2,b,390g,5.38,2.69,3.08,6.92,28.5,772,1.52,0.608,801.2,f,h,m,l,m,t,t,
40159913950,http://world-en.openfoodfacts.org/product/0040159913950/portabella-pizza-to-jo,Portabella Pizza,to-jo,,,,1,b,,5.23,2.33,1.16,5.81,4.65,389,0.5825,0.233,371.33,,m,m,l,m,f,,
859540005040,http://world-en.openfoodfacts.org/product/0859540005040/potato-cheese-gourmet-calzones,Potato & cheese gourmet calzones,,,,,1,b,,7.75,3.52,1.41,9.15,24.65,912,0.635,0.254,861.35,,m,m,l,m,f,,f
51933039803,http://world-en.openfoodfacts.org/product/0051933039803/pumpkin-ginger-evans,Pumpkin,ginger-evans,,,,-9,a,,0.0,0.0,3.33,1.67,9.17,176,0.02,0.008,184.28,,l,l,l,l,t,t,f
688267155154,http://world-en.openfoodfacts.org/product/0688267155154/pumpkin-pie-giant,Pumpkin Pie,giant,,,,-8,a,,0.0,0.0,3.33,1.67,9.17,176,0.02,0.008,184.28,,l,l,l,l,t,t,f
43098563002,http://world-en.openfoodfacts.org/product/0043098563002/reggio-s-premium-pizzeria-grilled-vegetable-pizza-reggio-s-pizza-inc,"Reggio's, Premium Pizzeria Grilled Vegetable Pizza",reggio-s-pizza-inc,,,,0,b,,7.86,2.86,2.14,9.29,30.0,958,0.75,0.3,958.75,,m,m,l,m,f,,f
71921003357,http://world-en.openfoodfacts.org/product/0071921003357/rising-crust-original-spinach-mushroom-and-garlic,"Rising crust original spinach, mushroom and garlic",,,,,2,b,,5.5944055944056,2.7972027972028,4.1958041958042,9.7902097902098,26.573426573427,819,1.1188811188811,0.44755244755244,825.1748251748328,,m,m,l,m,f,,
713733326063,http://world-en.openfoodfacts.org/product/0713733326063/rising-crust-pizza-meijer,Rising crust pizza,meijer,Meijer,,,2,b,,6.77,3.01,3.76,8.27,31.58,946,1.09,0.436,927.94,,m,m,l,m,f,,
4099100286854,http://world-en.openfoodfacts.org/product/4099100286854/rising-crust-spinach-mushroom-and-garlic-pizza,Rising crust spinach mushroom and garlic pizza,,,,,2,b,,5.7553956834532,2.5179856115108,2.8776978417266,8.6330935251799,30.215827338129,873,0.98920863309353,0.395683453237412,873.3812949640197,,m,m,l,m,,,
42272009428,http://world-en.openfoodfacts.org/product/0042272009428/roasted-vegetable-no-cheese-pizza-amy-s,Roasted vegetable no cheese pizza,amy-s,,,,1,b,,3.17,0.35,5.63,4.93,35.21,766,1.0375,0.415,799.67,,m,l,m,m,,,f
859724002070,http://world-en.openfoodfacts.org/product/0859724002070/roasted-vegetable-pizza,Roasted vegetable pizza,,,,,-2,a,,4.73,1.69,2.7,10.81,20.27,678,0.5225,0.209,703.37,,m,m,l,m,f,,
42272011865,http://world-en.openfoodfacts.org/product/0042272011865/roasted-vegetable-pizza,Roasted vegetable pizza,,,,,0,b,,8.59,1.17,5.47,3.12,39.84,1046,1.095,0.438,1048.15,,m,l,m,m,,,f
42272001033,http://world-en.openfoodfacts.org/product/0042272001033/roasted-vegetable-pizza-roasted-vegetable-amy-s,"Roasted vegetable pizza, roasted vegetable","amy-s,amy-s-kitchen-inc",,,"en:vegetarian,en:vegan",1,b,,8.85,1.18,5.01,6.19,37.2,1060,0.398,0.159,1065.08,f,m,l,m,m,t,t,f
79893311098,http://world-en.openfoodfacts.org/product/0079893311098/roasted-vegetable-red-and-yellow-bell-peppers-red-onions-and-broccoli-thin-crust-pizza-roasted-vegetable,"Roasted vegetable red and yellow bell peppers, red onions and broccoli thin crust pizza, roasted vegetable",,,,,2,b,,8.06,4.03,3.23,9.68,24.19,879,0.9475,0.379,874.01,,m,m,l,m,f,,
731789035142,http://world-en.openfoodfacts.org/product/0731789035142/robust-sausage-cheese-with-mozzarella-garlic-oil-fresh-herbs-handmade-wood-fired-thin-crispy-pizza-robust-sausage-cheese,"Robust sausage & cheese with mozzarella, garlic oil, & fresh herbs handmade, wood-fired, thin & crispy pizza, robust sausage & cheese",,,,,1,b,,5.1,0.64,0.64,9.55,36.31,958,1.3375,0.535,968.32,,m,l,l,m,f,f,f
75450233315,http://world-en.openfoodfacts.org/product/0075450233315/seasoned-spinach-with-goat-cheese-seasoned-tomatoes-and-mozzarella-cheese-wood-fired-naples-style-pizza,"Seasoned spinach with goat cheese, seasoned tomatoes and mozzarella cheese wood fired naples style pizza",,,,,2,b,,5.88,2.61,3.27,7.19,28.1,795,0.9975,0.399,817.49,,m,m,l,m,f,,
75450233322,http://world-en.openfoodfacts.org/product/0075450233322/seasoned-vegetable-mix-with-grilled-eggplant-zucchini-onion-yellow-peppers-and-red-peppers-with-mozzarella-and-spicy-provolone-cheese-wood-fired-naples-style-pizza,"Seasoned vegetable mix with grilled eggplant, zucchini, onion, yellow peppers and red peppers with mozzarella and spicy provolone cheese wood fired naples style pizza",,,,,1,b,,6.76,2.7,4.05,8.11,27.7,849,0.93,0.372,858.89,,m,m,l,m,f,,
688267053061,http://world-en.openfoodfacts.org/product/0688267053061/self-rising-crust-pizza-ahold,Self-Rising Crust Pizza,ahold,,,,2,b,,6.77,2.63,3.76,8.27,31.58,946,1.11,0.444,927.94,,m,m,l,m,f,,
30223007678,http://world-en.openfoodfacts.org/product/0030223007678/serious-vegetable-pizza-taylor-fresh-foods-inc,Serious Vegetable Pizza,taylor-fresh-foods-inc,,,,2,b,,7.18,3.08,2.05,10.26,23.08,837,0.935,0.374,832.44,,m,m,l,m,f,,
11225547805,http://world-en.openfoodfacts.org/product/0011225547805/sicilian-style-peppers-and-cheeses-flatbread-pizza-sicilian-style,"Sicilian style peppers and cheeses flatbread pizza, sicilian style",,,,,2,b,,6.67,1.33,2.67,9.78,32.0,950,1.2325,0.493,957.05,,m,l,l,m,f,,
41130311796,http://world-en.openfoodfacts.org/product/0041130311796/single-serve-pizza,Single serve pizza,,,,,1,b,,7.43,1.69,0.68,8.11,31.76,904,1.3175,0.527,952.7,,m,m,l,m,f,,
70038613473,http://world-en.openfoodfacts.org/product/0070038613473/single-serving-cheese-pizza-always-save,Single serving cheese pizza,always-save,,,,1,b,,8.843537414966,2.3809523809524,2.0408163265306,8.843537414966,31.292517006803,996,0.85034013605442,0.340136054421768,1009.523809523815,,m,m,l,m,f,,f
71921506247,http://world-en.openfoodfacts.org/product/0071921506247/spinach-artichoke-crispy-flatbread-topped-with-spinach-artichokes-garlic-parmesan-asiago-romano-reduced-fat-mozzarella-cheeses-over-creamy-garlic-sauce,"Spinach & artichoke crispy flatbread topped with spinach, artichokes, garlic, parmesan, asiago, romano & reduced fat mozzarella cheeses over creamy garlic sauce",,,,,2,b,,5.26,1.58,3.16,10.53,25.26,791,1.315,0.526,803.05,,m,m,l,m,f,,f
42272001934,http://world-en.openfoodfacts.org/product/0042272001934/spinach-pizza-rice-crust-amy-s,Spinach pizza rice crust,"amy-s,amy-s-kitchen-inc",,,,2,b,,14.39,1.52,3.79,6.06,25.76,1109,1.0975,0.439,1073.37,,m,m,l,m,,,
643130101218,http://world-en.openfoodfacts.org/product/0643130101218/spinach-thin-crust-pizza,Spinach thin crust pizza,,,,,2,b,,6.19,3.54,0.88,7.08,1.77,368,0.4875,0.195,379.48,,m,m,l,m,f,,
8033462320081,http://world-en.openfoodfacts.org/product/8033462320081/stone-baked-italian-pizza,Stone baked italian pizza,,,,,2,b,,7.48,2.72,1.36,6.8,30.61,912,1.105,0.442,912.73,,m,m,l,m,f,,f
810882010147,http://world-en.openfoodfacts.org/product/0810882010147/superblastin-bites-pizza,Superblastin' bites pizza,,,,,1,b,,8.99,2.81,2.25,10.11,33.71,1033,0.815,0.326,1077.57,,m,m,l,m,f,f,
19962247118,http://world-en.openfoodfacts.org/product/0019962247118/supreme-frozen-pizza,Supreme frozen pizza,,,,,2,b,,7.75,3.52,1.41,11.97,17.61,795,0.8975,0.359,789.61,,m,m,l,m,f,f,f
21130120833,http://world-en.openfoodfacts.org/product/0021130120833/supreme-pizza,Supreme pizza,,,,,1,b,,9.64,3.61,3.01,9.04,26.51,933,0.995,0.398,961.03,,m,m,l,m,f,f,
11161035114,http://world-en.openfoodfacts.org/product/0011161035114/supreme-pizza-bites,Supreme pizza bites,,,,,2,b,,7.06,2.35,2.35,8.24,32.94,937,1.235,0.494,961.28,,m,m,l,m,f,f,
43000080764,http://world-en.openfoodfacts.org/product/0043000080764/supreme-pizza-classic-crust,"Supreme pizza, classic crust",,,,,2,b,,9.49,3.28,2.19,10.22,28.47,979,1.315,0.526,1008.86,,m,m,l,m,f,f,
11433119719,http://world-en.openfoodfacts.org/product/0011433119719/tandoor-chef-the-original-naan-pizza-margherita,"Tandoor chef, the original naan pizza, margherita",tandoor-chef,,,,1,b,,6.36,1.82,3.64,9.09,34.55,987,1.0,0.4,977.2,,m,m,l,m,f,,f
11433134842,http://world-en.openfoodfacts.org/product/0011433134842/the-original-naan-pizza-tandoor-chef,The original naan pizza,tandoor-chef,,,,1,b,,2.68,0.89,3.57,8.04,36.61,858,1.16,0.464,858.21,,m,l,l,l,f,,f
11433131087,http://world-en.openfoodfacts.org/product/0011433131087/the-original-naan-pizza,The original naan pizza,,,,,0,b,,4.72,0.79,6.3,10.24,41.73,1054,1.06,0.424,1058.13,,m,l,m,m,f,,f
11433119702,http://world-en.openfoodfacts.org/product/0011433119702/the-original-nan-pizza-spinach-paneer-cheese-tandoor-chef,"The Original Nan Pizza, Spinach & Paneer Cheese",tandoor-chef,,,,1,b,240 g,10.0,2.9166666666667,1.6666666666667,10.0,38.333333333333,1185,1.0208333333333,0.40833333333332,1191.666666666661,,m,m,l,m,f,,f
20662005939,http://world-en.openfoodfacts.org/product/0020662005939/thin-crispy-pizza,Thin & crispy pizza,,,,,0,b,,7.32,2.85,1.63,8.13,26.02,816,0.875,0.35,851.39,,m,m,l,m,f,,f
872824009800,http://world-en.openfoodfacts.org/product/0872824009800/thin-crust-cheese-pizza,Thin crust cheese pizza,,,,,2,b,,7.75,2.46,3.52,7.75,33.1,941,0.81,0.324,981.2,,m,m,l,m,f,,f
25800028900,http://world-en.openfoodfacts.org/product/0025800028900/thin-crust-cheese-pizza-smart-ones,Thin Crust Cheese Pizza,smart-ones,,,"en:low-or-no-fat,en:low-fat,en:reduced-fat",0,b,,4.84,2.42,6.45,13.71,33.87,979,0.8398,0.33592,987.94,f,m,m,m,m,f,,
829006000070,http://world-en.openfoodfacts.org/product/0829006000070/thin-crust-pizza,Thin crust pizza,,,,,2,b,,5.44,2.04,2.04,4.76,13.61,510,0.46,0.184,513.57,,m,m,l,m,f,f,f
888849007189,http://world-en.openfoodfacts.org/product/0888849007189/thin-crust-pizza-supreme-quest,Thin Crust Pizza - Supreme,quest,,,en:no-gluten,0,b,,17.0,6.0,2.0,20.0,18.0,1088,0.67,0.268,1275.0,f,m,h,l,m,f,f,
70085046927,http://world-en.openfoodfacts.org/product/0070085046927/three-cheese-frozen-pizza-bagel-bites,Three cheese frozen pizza,bagel-bites,,,,2,b,,5.68,2.27,3.41,7.95,36.36,951,1.0102,0.40408,963.43,,m,m,l,m,f,,
758940711318,http://world-en.openfoodfacts.org/product/0758940711318/three-cheese-mini-pizza-bagels,Three cheese mini pizza bagels,,,,,0,b,,4.55,2.84,3.41,11.36,31.82,858,0.965,0.386,902.41,,m,m,l,m,f,,
36800423725,http://world-en.openfoodfacts.org/product/0036800423725/three-cheese-mini-pizza-bagels-mozzarella-cheddar-and-monterey-jack-cheese-topped-mini-pizza-bagel-halves-appetizer-three-cheese-mini-pizza-bagels,"Three cheese mini pizza bagels mozzarella, cheddar and monterey jack cheese-topped mini pizza bagel halves appetizer, three cheese mini pizza bagels",,,,,1,b,,5.11,2.84,4.55,11.36,30.68,858,0.965,0.386,903.75,,m,m,l,m,f,,f
25583009585,http://world-en.openfoodfacts.org/product/0025583009585/tofurky-pesto-supreme-pizza,"Tofurky, pesto supreme pizza",tofurky,,,"en:vegetarian,en:vegan",0,b,,7.26,0.81,3.23,5.65,33.06,912,0.765,0.306,926.69,f,m,l,l,m,t,t,f
25583009707,http://world-en.openfoodfacts.org/product/0025583009707/tofurky-pocket-pepp-roni-pizza,"Tofurky, pocket pepp'roni pizza",tofurky,,,,-4,a,,3.91,1.17,3.12,8.59,33.59,753,0.6825,0.273,861.73,,m,l,l,m,,,f
19962672712,http://world-en.openfoodfacts.org/product/0019962672712/tomato-ricotta-pizza,Tomato ricotta pizza,,,,,2,b,,7.07,4.04,2.02,13.13,40.4,1184,0.7575,0.303,1171.6,,m,m,l,m,f,,f
810882010130,http://world-en.openfoodfacts.org/product/0810882010130/triple-cheese-pizza-kidfresh,Triple Cheese Pizza,kidfresh,,,,-1,a,,5.62,2.25,2.25,8.99,33.71,941,0.59,0.236,933.84,,m,m,l,m,f,,
810882010666,http://world-en.openfoodfacts.org/product/0810882010666/triple-cheese-superblastin-pizza-bites,Triple cheese superblastin' pizza bites,,,,,-1,a,,5.62,2.25,2.25,8.99,33.71,941,0.59,0.236,933.84,,m,m,l,m,f,,
16741000698,http://world-en.openfoodfacts.org/product/0016741000698/truffle-lover-s-pizza-whole-wheat-psyllium,"Truffle lover's pizza, whole wheat & psyllium",,,,,-2,a,,8.33,3.47,1.39,8.33,22.22,812,0.625,0.25,827.56,,m,m,l,m,f,,f
71921962364,http://world-en.openfoodfacts.org/product/0071921962364/tuscan-style-chicken-grilled-white-meat-chicken-spinach-tomatoes-garlic-pizzeria-pizza-tuscan-style-chicken,"Tuscan-style chicken grilled white meat chicken, spinach, tomatoes, garlic pizzeria pizza, tuscan-style chicken",,,,,2,b,,5.84,2.19,2.19,9.49,28.47,854,1.1125,0.445,861.4,,m,m,l,m,f,f,
11225547799,http://world-en.openfoodfacts.org/product/0011225547799/tuscan-style-wood-fired-flatbread-pizza-with-kale-black-olives-and-cherry-tomatoes,"Tuscan style wood-fired flatbread pizza with kale, black olives and cherry tomatoes",,,,,2,b,,5.71,2.04,2.86,8.57,29.39,870,1.4275,0.571,856.59,,m,m,l,m,f,,f
39131169782,http://world-en.openfoodfacts.org/product/0039131169782/twisted-hawaiian-fresh-rising-crust-pizza-topped-with-rich-italian-style-sauce-mozzarella-pineapple-canadian-style-bacon-jalapenos-asiago-parmesan-cheese-a-blend-of-spices-minced-garlic,"Twisted hawaiian fresh rising crust pizza topped with rich italian-style sauce, mozzarella, pineapple, canadian-style bacon, jalapenos, asiago & parmesan cheese, a blend of spices & minced garlic",,,,,2,b,,5.0,2.14,2.14,8.57,28.57,808,1.0175,0.407,816.38,,m,m,l,m,f,f,
36800285231,http://world-en.openfoodfacts.org/product/0036800285231/ultra-thin-crust-white-spinach-pizza-white-spinach,"Ultra thin crust white spinach pizza, white spinach",,,,,2,b,,8.26,3.72,1.65,8.26,23.97,828,0.785,0.314,853.53,,m,m,l,m,f,,
859724002254,http://world-en.openfoodfacts.org/product/0859724002254/ultra-thin-sprouted-grain-crust-old-world-veggie-pizza,Ultra thin sprouted grain crust old world veggie pizza,,,,,-1,a,,4.62,2.31,2.31,9.23,20.0,678,0.6925,0.277,667.85,,m,m,l,m,f,,
817350010173,http://world-en.openfoodfacts.org/product/0817350010173/uncured-mild-pepperoni-whole-grain-thin-crust-pizza-three-bakers,Uncured mild pepperoni whole grain thin crust pizza,three-bakers,,,,1,b,,8.53,3.88,0.78,10.08,29.46,941,1.26,0.504,987.79,,m,m,l,m,f,f,f
37363987174,http://world-en.openfoodfacts.org/product/0037363987174/uncured-pepperoni-calzones-pepperoni,"Uncured pepperoni calzones, pepperoni",,,,,2,b,,5.1,1.96,1.57,6.67,15.69,573,1.0,0.4,568.82,,m,m,l,m,f,f,
810882010673,http://world-en.openfoodfacts.org/product/0810882010673/uncured-pepperoni-n-cheese,Uncured pepperoni'n cheese,,,,,1,b,,8.99,2.81,2.25,10.11,33.71,1033,0.815,0.326,1077.57,,m,m,l,m,f,f,
859724002056,http://world-en.openfoodfacts.org/product/0859724002056/uncured-pepperoni-pizza,Uncured pepperoni pizza,,,,,0,b,,7.87,2.76,3.15,13.39,22.05,891,0.905,0.362,893.67,,m,m,l,m,f,f,
853407003019,http://world-en.openfoodfacts.org/product/0853407003019/vegan-cheese-pizza-bold-organics,Vegan Cheese Pizza,bold-organics,,,"en:vegetarian,en:vegan",2,b,,8.04,0.89,0.89,2.68,25.89,787,0.8475,0.339,783.17,f,m,l,l,m,t,t,f
73866200914,http://world-en.openfoodfacts.org/product/0073866200914/vegetable-napoli-pizza,Vegetable napoli pizza,,,,,1,b,,4.08,1.36,2.04,6.8,31.97,770,0.7475,0.299,810.05,,m,l,l,m,f,,
750369041519,http://world-en.openfoodfacts.org/product/0750369041519/vegetable-pizza,Vegetable pizza,,,,,2,b,,6.99,2.8,3.5,11.19,25.87,879,0.98,0.392,888.65,,m,m,l,m,f,,f
663209132028,http://world-en.openfoodfacts.org/product/0663209132028/vegetable-pizza-denver,Vegetable Pizza,denver,,,,1,b,,4.35,2.61,1.74,9.13,23.91,711,0.7925,0.317,722.63,,m,m,l,m,f,,
810456010061,http://world-en.openfoodfacts.org/product/0810456010061/vegetarian-imported-stone-baked-italian-pizza-fiad-s-r-l,Vegetarian Imported Stone Baked Italian Pizza,fiad-s-r-l,,,,2,b,,6.29,2.1,1.4,7.69,30.07,849,0.98,0.392,874.65,,m,m,l,m,f,,f
26605111705,http://world-en.openfoodfacts.org/product/0026605111705/vegetarian-select-gourmet-flatbread-pizza-lucia-s-pizza-co,Vegetarian select gourmet flatbread pizza,lucia-s-pizza-co,,,,0,b,,9.15,2.61,1.96,14.38,20.92,904,0.735,0.294,938.65,,m,m,l,m,f,,f
4099100285727,http://world-en.openfoodfacts.org/product/4099100285727/veggie-cauliflower-crust-pizza,Veggie Cauliflower Crust Pizza,,,,en:no-gluten,1,b,,6.4,2.8,3.2,8.0,26.4,803,1.06,0.424,821.6,f,m,m,l,m,,,
28989104243,http://world-en.openfoodfacts.org/product/0028989104243/veggie-pepperoni-pizza-bites-morning-star-farms,Veggie Pepperoni Pizza Bites,morning-star-farms,,,"en:vegetarian,en:vegan",1,b,,8.2352941176471,2.3529411764706,2.3529411764706,10.588235294118,24.705882352941,886,1.2058823529412,0.48235294117648,904.7058823529457,f,m,m,l,m,t,t,
810757010845,http://world-en.openfoodfacts.org/product/0810757010845/veggie-pizza-schar,Veggie Pizza,schar,,,,1,b,,6.67,2.78,1.11,5.56,24.44,791,1.0275,0.411,756.79,,m,m,l,m,f,,
862871000332,http://world-en.openfoodfacts.org/product/0862871000332/veggie-pizza-veggie,"Veggie pizza, veggie",,,,en:no-gluten,1,b,,8.48,2.42,1.21,6.06,22.42,787,0.7575,0.303,797.92,f,m,m,l,m,f,,f
892453001235,http://world-en.openfoodfacts.org/product/0892453001235/veggie-vegan-pizza,Veggie vegan pizza,,,,,2,b,,8.55,0.66,2.63,3.29,27.63,799,1.035,0.414,841.99,,m,l,l,m,,,f
851641003109,http://world-en.openfoodfacts.org/product/0851641003109/venison-pork-green-peppers-onions-pizza,"Venison, pork, green peppers & onions pizza",,,,,2,b,,7.09,3.94,0.79,14.17,18.11,824,0.61,0.244,811.09,,m,m,l,m,f,f,f
41497027798,http://world-en.openfoodfacts.org/product/0041497027798/weis-pizza-bagels,"Weis, pizza bagels",weis,,,,0,b,,4.55,2.84,3.41,11.36,31.82,858,0.965,0.386,902.41,,m,m,l,m,f,,
41497027934,http://world-en.openfoodfacts.org/product/0041497027934/weis-pizza-bagels,"Weis, pizza bagels",weis,,,,1,b,,6.82,2.84,3.41,11.36,31.82,904,1.1925,0.477,986.4,,m,m,l,m,f,f,
13800446084,http://world-en.openfoodfacts.org/product/0013800446084/white-meat-chicken-red-onions-cilantro-reduced-fat-mozzarella-cheese-in-a-tangy-bbq-sauce-on-a-thin-crust-pizza,"White meat chicken, red onions, cilantro, reduced fat mozzarella cheese in a tangy bbq sauce on a thin crust pizza",,,,,-1,a,,5.29,1.76,6.47,12.35,32.35,958,0.4125,0.165,955.63,,m,m,m,m,f,f,
741643050204,http://world-en.openfoodfacts.org/product/0741643050204/white-spinach-thin-crust-pizza,White spinach thin crust pizza,,,,,2,b,,10.31746031746,3.968253968254,1.5873015873016,10.31746031746,26.190476190476,996,0.73412698412697,0.293650793650788,1002.380952380932,,m,m,l,m,,,
817350010180,http://world-en.openfoodfacts.org/product/0817350010180/whole-grain-crust-pizza-three-bakers,Whole grain crust pizza,three-bakers,,,,1,b,,6.67,2.96,0.74,9.63,28.15,866,1.185,0.474,889.05,,m,m,l,m,f,f,f
817350010197,http://world-en.openfoodfacts.org/product/0817350010197/whole-grain-thin-crust-pizza-three-bakers,Whole grain thin crust pizza,three-bakers,,,,0,b,,6.25,3.12,0.78,10.16,29.69,883,1.075,0.43,908.7,,m,m,l,m,f,f,f
70784000077,http://world-en.openfoodfacts.org/product/0070784000077/wood-fired-margherita-naples-style-hand-stretched-pizza,Wood fired margherita naples style hand-stretched pizza,,,,,1,b,,9.33,4.0,3.33,10.0,27.33,975,0.8175,0.327,979.82,,m,m,l,m,f,,f
70784000053,http://world-en.openfoodfacts.org/product/0070784000053/wood-fired-spinach-goat-cheese-pizza,Wood fired spinach & goat cheese pizza,,,,,1,b,,7.14,2.6,3.9,7.79,25.97,816,0.8775,0.351,838.1,,m,m,l,m,f,,f
